{
  "model_name": "Transformers+MLP_microsoft_wavlm-base",
  "dataset_name": "Ita-PVS",
  "model_settings": {
    "transformer_model": "microsoft/wavlm-base",
    "hidden_layers": [
      256,
      128
    ],
    "dropout": 0.3,
    "learning_rate": 0.005,
    "epochs": 50,
    "batch_size": 32,
    "device": "cuda"
  },
  "metrics": {
    "accuracy": 0.9556962025316456,
    "precision": 0.9557126417885913,
    "recall": 0.9556962025316456,
    "f1_score": 0.9556656791453453,
    "sensitivity": 0.9655172413793104,
    "specificity": 0.9436619718309859
  },
  "classification_report": {
    "healthy": {
      "precision": 0.9571428571428572,
      "recall": 0.9436619718309859,
      "f1-score": 0.950354609929078,
      "support": 71.0
    },
    "parkinson": {
      "precision": 0.9545454545454546,
      "recall": 0.9655172413793104,
      "f1-score": 0.96,
      "support": 87.0
    },
    "accuracy": 0.9556962025316456,
    "macro avg": {
      "precision": 0.9558441558441559,
      "recall": 0.9545896066051481,
      "f1-score": 0.955177304964539,
      "support": 158.0
    },
    "weighted avg": {
      "precision": 0.9557126417885913,
      "recall": 0.9556962025316456,
      "f1-score": 0.9556656791453453,
      "support": 158.0
    }
  }
}