{
  "model_name": "Transformers+MLP_ALM_wav2vec2-base-audioset",
  "dataset_name": "Ita-PVS",
  "model_settings": {
    "transformer_model": "ALM/wav2vec2-base-audioset",
    "hidden_layers": [
      256,
      128
    ],
    "dropout": 0.3,
    "learning_rate": 0.005,
    "epochs": 50,
    "batch_size": 32,
    "device": "cuda"
  },
  "metrics": {
    "accuracy": 0.9746835443037974,
    "precision": 0.975796355543191,
    "recall": 0.9746835443037974,
    "f1_score": 0.9746010937071643,
    "sensitivity": 1.0,
    "specificity": 0.9436619718309859
  },
  "classification_report": {
    "healthy": {
      "precision": 1.0,
      "recall": 0.9436619718309859,
      "f1-score": 0.9710144927536232,
      "support": 71.0
    },
    "parkinson": {
      "precision": 0.9560439560439561,
      "recall": 1.0,
      "f1-score": 0.9775280898876404,
      "support": 87.0
    },
    "accuracy": 0.9746835443037974,
    "macro avg": {
      "precision": 0.9780219780219781,
      "recall": 0.971830985915493,
      "f1-score": 0.9742712913206317,
      "support": 158.0
    },
    "weighted avg": {
      "precision": 0.975796355543191,
      "recall": 0.9746835443037974,
      "f1-score": 0.9746010937071643,
      "support": 158.0
    }
  }
}