{
  "model_name": "Transformers+MLP_ALM_wav2vec2-base-audioset",
  "dataset_name": "Ita-PVS",
  "model_settings": {
    "transformer_model": "ALM/wav2vec2-base-audioset",
    "hidden_layers": [
      32,
      16
    ],
    "dropout": 0.6,
    "learning_rate": 0.0001,
    "epochs": 8,
    "batch_size": 24,
    "device": "cuda"
  },
  "metrics": {
    "accuracy": 0.8607594936708861,
    "precision": 0.8739160065693184,
    "recall": 0.8607594936708861,
    "f1_score": 0.8577815847635968,
    "sensitivity": 0.9655172413793104,
    "specificity": 0.7323943661971831
  },
  "classification_report": {
    "healthy": {
      "precision": 0.9454545454545454,
      "recall": 0.7323943661971831,
      "f1-score": 0.8253968253968254,
      "support": 71.0
    },
    "parkinson": {
      "precision": 0.8155339805825242,
      "recall": 0.9655172413793104,
      "f1-score": 0.8842105263157894,
      "support": 87.0
    },
    "accuracy": 0.8607594936708861,
    "macro avg": {
      "precision": 0.8804942630185348,
      "recall": 0.8489558037882468,
      "f1-score": 0.8548036758563073,
      "support": 158.0
    },
    "weighted avg": {
      "precision": 0.8739160065693184,
      "recall": 0.8607594936708861,
      "f1-score": 0.8577815847635968,
      "support": 158.0
    }
  }
}