{
  "model_name": "Transformers+MLP_ALM_wav2vec2-base-audioset",
  "dataset_name": "Ita-PVS",
  "model_settings": {
    "transformer_model": "ALM/wav2vec2-base-audioset",
    "hidden_layers": [
      64,
      32
    ],
    "dropout": 0.6,
    "learning_rate": 0.0003,
    "epochs": 15,
    "batch_size": 24,
    "device": "cuda"
  },
  "metrics": {
    "accuracy": 0.9810126582278481,
    "precision": 0.9811148726000065,
    "recall": 0.9810126582278481,
    "f1_score": 0.9810241708244196,
    "sensitivity": 0.9770114942528736,
    "specificity": 0.9859154929577465
  },
  "classification_report": {
    "healthy": {
      "precision": 0.9722222222222222,
      "recall": 0.9859154929577465,
      "f1-score": 0.9790209790209791,
      "support": 71.0
    },
    "parkinson": {
      "precision": 0.9883720930232558,
      "recall": 0.9770114942528736,
      "f1-score": 0.9826589595375722,
      "support": 87.0
    },
    "accuracy": 0.9810126582278481,
    "macro avg": {
      "precision": 0.9802971576227391,
      "recall": 0.98146349360531,
      "f1-score": 0.9808399692792756,
      "support": 158.0
    },
    "weighted avg": {
      "precision": 0.9811148726000065,
      "recall": 0.9810126582278481,
      "f1-score": 0.9810241708244196,
      "support": 158.0
    }
  }
}