{
  "model_name": "Transformers+MLP_facebook_wav2vec2-base-960h",
  "dataset_name": "Neurovoz",
  "model_settings": {
    "transformer_model": "facebook/wav2vec2-base-960h",
    "hidden_layers": [
      384,
      192
    ],
    "dropout": 0.25,
    "learning_rate": 0.0012,
    "epochs": 30,
    "batch_size": 56,
    "device": "cuda"
  },
  "metrics": {
    "accuracy": 0.6661073825503355,
    "precision": 0.6726290653773568,
    "recall": 0.6661073825503355,
    "f1_score": 0.6600644299944779,
    "sensitivity": 0.5331010452961672,
    "specificity": 0.7896440129449838
  },
  "classification_report": {
    "healthy": {
      "precision": 0.6455026455026455,
      "recall": 0.7896440129449838,
      "f1-score": 0.710334788937409,
      "support": 309.0
    },
    "parkinson": {
      "precision": 0.7018348623853211,
      "recall": 0.5331010452961672,
      "f1-score": 0.6059405940594059,
      "support": 287.0
    },
    "accuracy": 0.6661073825503355,
    "macro avg": {
      "precision": 0.6736687539439833,
      "recall": 0.6613725291205754,
      "f1-score": 0.6581376914984074,
      "support": 596.0
    },
    "weighted avg": {
      "precision": 0.6726290653773568,
      "recall": 0.6661073825503355,
      "f1-score": 0.6600644299944779,
      "support": 596.0
    }
  }
}