{
  "model_name": "Transformers+MLP_facebook_wav2vec2-base-960h",
  "dataset_name": "Neurovoz",
  "model_settings": {
    "transformer_model": "facebook/wav2vec2-base-960h",
    "hidden_layers": [
      512,
      256,
      128
    ],
    "dropout": 0.3,
    "learning_rate": 0.0008,
    "epochs": 35,
    "batch_size": 48,
    "device": "cuda"
  },
  "metrics": {
    "accuracy": 0.6577181208053692,
    "precision": 0.6597625508126042,
    "recall": 0.6577181208053692,
    "f1_score": 0.6576718680599626,
    "sensitivity": 0.686411149825784,
    "specificity": 0.6310679611650486
  },
  "classification_report": {
    "healthy": {
      "precision": 0.6842105263157895,
      "recall": 0.6310679611650486,
      "f1-score": 0.6565656565656566,
      "support": 309.0
    },
    "parkinson": {
      "precision": 0.6334405144694534,
      "recall": 0.686411149825784,
      "f1-score": 0.6588628762541806,
      "support": 287.0
    },
    "accuracy": 0.6577181208053692,
    "macro avg": {
      "precision": 0.6588255203926214,
      "recall": 0.6587395554954163,
      "f1-score": 0.6577142664099186,
      "support": 596.0
    },
    "weighted avg": {
      "precision": 0.6597625508126042,
      "recall": 0.6577181208053692,
      "f1-score": 0.6576718680599626,
      "support": 596.0
    }
  }
}