{
  "model_name": "CNN",
  "dataset_name": "Ita-PVS",
  "model_settings": {
    "in_type": "waveform",
    "dropout": 0.25,
    "learning_rate": 0.005,
    "epochs": 50,
    "batch_size": 32,
    "device": "cuda"
  },
  "metrics": {
    "accuracy": 0.9493670886075949,
    "precision": 0.9519306250613288,
    "recall": 0.9493670886075949,
    "f1_score": 0.9492694829952721,
    "sensitivity": 0.9875,
    "specificity": 0.9102564102564102
  },
  "classification_report": {
    "healthy": {
      "precision": 0.9861111111111112,
      "recall": 0.9102564102564102,
      "f1-score": 0.9466666666666667,
      "support": 78.0
    },
    "parkinson": {
      "precision": 0.9186046511627907,
      "recall": 0.9875,
      "f1-score": 0.9518072289156626,
      "support": 80.0
    },
    "accuracy": 0.9493670886075949,
    "macro avg": {
      "precision": 0.9523578811369509,
      "recall": 0.9488782051282052,
      "f1-score": 0.9492369477911646,
      "support": 158.0
    },
    "weighted avg": {
      "precision": 0.9519306250613288,
      "recall": 0.9493670886075949,
      "f1-score": 0.9492694829952721,
      "support": 158.0
    }
  }
}