{
  "model_name": "CNN",
  "dataset_name": "Ita-PVS",
  "model_settings": {
    "in_type": "waveform",
    "dropout": 0.35,
    "learning_rate": 0.0003,
    "epochs": 15,
    "batch_size": 24,
    "device": "cuda"
  },
  "metrics": {
    "accuracy": 0.9050632911392406,
    "precision": 0.9051434065053676,
    "recall": 0.9050632911392406,
    "f1_score": 0.9050670942361784,
    "sensitivity": 0.9,
    "specificity": 0.9102564102564102
  },
  "classification_report": {
    "healthy": {
      "precision": 0.8987341772151899,
      "recall": 0.9102564102564102,
      "f1-score": 0.9044585987261147,
      "support": 78.0
    },
    "parkinson": {
      "precision": 0.9113924050632911,
      "recall": 0.9,
      "f1-score": 0.9056603773584906,
      "support": 80.0
    },
    "accuracy": 0.9050632911392406,
    "macro avg": {
      "precision": 0.9050632911392404,
      "recall": 0.9051282051282051,
      "f1-score": 0.9050594880423026,
      "support": 158.0
    },
    "weighted avg": {
      "precision": 0.9051434065053676,
      "recall": 0.9050632911392406,
      "f1-score": 0.9050670942361784,
      "support": 158.0
    }
  }
}