{
  "model_name": "CNN",
  "dataset_name": "Neurovoz",
  "model_settings": {
    "in_type": "waveform",
    "dropout": 0.25,
    "learning_rate": 0.002,
    "epochs": 25,
    "batch_size": 128,
    "device": "cuda"
  },
  "metrics": {
    "accuracy": 0.697986577181208,
    "precision": 0.7053922540108241,
    "recall": 0.697986577181208,
    "f1_score": 0.6948957211412948,
    "sensitivity": 0.597972972972973,
    "specificity": 0.7966666666666666
  },
  "classification_report": {
    "healthy": {
      "precision": 0.6675977653631285,
      "recall": 0.7966666666666666,
      "f1-score": 0.7264437689969605,
      "support": 300.0
    },
    "parkinson": {
      "precision": 0.7436974789915967,
      "recall": 0.597972972972973,
      "f1-score": 0.6629213483146067,
      "support": 296.0
    },
    "accuracy": 0.697986577181208,
    "macro avg": {
      "precision": 0.7056476221773627,
      "recall": 0.6973198198198198,
      "f1-score": 0.6946825586557837,
      "support": 596.0
    },
    "weighted avg": {
      "precision": 0.7053922540108241,
      "recall": 0.697986577181208,
      "f1-score": 0.6948957211412948,
      "support": 596.0
    }
  }
}