{
  "model_name": "SVM",
  "dataset_name": "Neurovoz",
  "model_settings": {
    "C": 10.0,
    "kernel": "linear",
    "gamma": "scale",
    "class_weight": "balanced",
    "validation_loss": 0.4986798790315668,
    "n_features": 147
  },
  "metrics": {
    "accuracy": 0.7466442953020134,
    "precision": 0.7476364618613254,
    "recall": 0.7466442953020134,
    "f1_score": 0.7462088988317176,
    "sensitivity": 0.7074829931972789,
    "specificity": 0.7847682119205298
  },
  "classification_report": {
    "healthy": {
      "precision": 0.7337461300309598,
      "recall": 0.7847682119205298,
      "f1-score": 0.7584,
      "support": 302.0
    },
    "parkinson": {
      "precision": 0.7619047619047619,
      "recall": 0.7074829931972789,
      "f1-score": 0.7336860670194003,
      "support": 294.0
    },
    "accuracy": 0.7466442953020134,
    "macro avg": {
      "precision": 0.7478254459678608,
      "recall": 0.7461256025589044,
      "f1-score": 0.7460430335097001,
      "support": 596.0
    },
    "weighted avg": {
      "precision": 0.7476364618613254,
      "recall": 0.7466442953020134,
      "f1-score": 0.7462088988317176,
      "support": 596.0
    }
  }
}