{
  "model_name": "Transformers+MLP_microsoft_wavlm-base",
  "dataset_name": "Neurovoz",
  "model_settings": {
    "transformer_model": "microsoft/wavlm-base",
    "hidden_layers": [
      512,
      256,
      128
    ],
    "dropout": 0.3,
    "learning_rate": 0.0008,
    "epochs": 25,
    "batch_size": 48,
    "device": "cuda"
  },
  "metrics": {
    "accuracy": 0.785234899328859,
    "precision": 0.788105123769621,
    "recall": 0.785234899328859,
    "f1_score": 0.785172017655239,
    "sensitivity": 0.8222996515679443,
    "specificity": 0.7508090614886731
  },
  "classification_report": {
    "healthy": {
      "precision": 0.8197879858657244,
      "recall": 0.7508090614886731,
      "f1-score": 0.7837837837837838,
      "support": 309.0
    },
    "parkinson": {
      "precision": 0.7539936102236422,
      "recall": 0.8222996515679443,
      "f1-score": 0.7866666666666666,
      "support": 287.0
    },
    "accuracy": 0.785234899328859,
    "macro avg": {
      "precision": 0.7868907980446833,
      "recall": 0.7865543565283086,
      "f1-score": 0.7852252252252252,
      "support": 596.0
    },
    "weighted avg": {
      "precision": 0.788105123769621,
      "recall": 0.785234899328859,
      "f1-score": 0.785172017655239,
      "support": 596.0
    }
  }
}