{
  "model_name": "SVM",
  "dataset_name": "Ita-PVS",
  "model_settings": {
    "C": 1.0,
    "kernel": "rbf",
    "gamma": "scale"
  },
  "metrics": {
    "accuracy": 0.9620253164556962,
    "precision": 0.9624341739443298,
    "recall": 0.9620253164556962,
    "f1_score": 0.962074498496874,
    "sensitivity": 0.9545454545454546,
    "specificity": 0.9714285714285714
  },
  "classification_report": {
    "healthy": {
      "precision": 0.9444444444444444,
      "recall": 0.9714285714285714,
      "f1-score": 0.9577464788732394,
      "support": 70.0
    },
    "parkinson": {
      "precision": 0.9767441860465116,
      "recall": 0.9545454545454546,
      "f1-score": 0.9655172413793104,
      "support": 88.0
    },
    "accuracy": 0.9620253164556962,
    "macro avg": {
      "precision": 0.960594315245478,
      "recall": 0.9629870129870131,
      "f1-score": 0.9616318601262749,
      "support": 158.0
    },
    "weighted avg": {
      "precision": 0.9624341739443298,
      "recall": 0.9620253164556962,
      "f1-score": 0.962074498496874,
      "support": 158.0
    }
  }
}