{
  "model_name": "MLP",
  "dataset_name": "Ita-PVS",
  "model_settings": {
    "hidden_layers": [
      256,
      128
    ],
    "dropout": 0.3,
    "learning_rate": 0.005,
    "epochs": 50,
    "batch_size": 32
  },
  "metrics": {
    "accuracy": 0.9683544303797469,
    "precision": 0.9690163184383102,
    "recall": 0.9683544303797469,
    "f1_score": 0.9683353965955412,
    "sensitivity": 0.9875,
    "specificity": 0.9487179487179487
  },
  "classification_report": {
    "healthy": {
      "precision": 0.9866666666666667,
      "recall": 0.9487179487179487,
      "f1-score": 0.9673202614379085,
      "support": 78.0
    },
    "parkinson": {
      "precision": 0.9518072289156626,
      "recall": 0.9875,
      "f1-score": 0.9693251533742331,
      "support": 80.0
    },
    "accuracy": 0.9683544303797469,
    "macro avg": {
      "precision": 0.9692369477911646,
      "recall": 0.9681089743589744,
      "f1-score": 0.9683227074060707,
      "support": 158.0
    },
    "weighted avg": {
      "precision": 0.9690163184383102,
      "recall": 0.9683544303797469,
      "f1-score": 0.9683353965955412,
      "support": 158.0
    }
  }
}