{
  "model_name": "Transformers+MLP_microsoft_wavlm-base-plus",
  "dataset_name": "Ita-PVS",
  "model_settings": {
    "transformer_model": "microsoft/wavlm-base-plus",
    "hidden_layers": [
      256,
      128
    ],
    "dropout": 0.3,
    "learning_rate": 0.005,
    "epochs": 50,
    "batch_size": 32,
    "device": "cuda"
  },
  "metrics": {
    "accuracy": 0.9810126582278481,
    "precision": 0.9816455696202532,
    "recall": 0.9810126582278481,
    "f1_score": 0.9809686685322413,
    "sensitivity": 1.0,
    "specificity": 0.9577464788732394
  },
  "classification_report": {
    "healthy": {
      "precision": 1.0,
      "recall": 0.9577464788732394,
      "f1-score": 0.9784172661870504,
      "support": 71.0
    },
    "parkinson": {
      "precision": 0.9666666666666667,
      "recall": 1.0,
      "f1-score": 0.9830508474576272,
      "support": 87.0
    },
    "accuracy": 0.9810126582278481,
    "macro avg": {
      "precision": 0.9833333333333334,
      "recall": 0.9788732394366197,
      "f1-score": 0.9807340568223388,
      "support": 158.0
    },
    "weighted avg": {
      "precision": 0.9816455696202532,
      "recall": 0.9810126582278481,
      "f1-score": 0.9809686685322413,
      "support": 158.0
    }
  }
}