{
  "model_name": "Transformers+MLP_ALM_hubert-base-audioset",
  "dataset_name": "Neurovoz",
  "model_settings": {
    "transformer_model": "ALM/hubert-base-audioset",
    "hidden_layers": [
      512,
      256,
      128
    ],
    "dropout": 0.3,
    "learning_rate": 0.0008,
    "epochs": 25,
    "batch_size": 48,
    "device": "cuda"
  },
  "metrics": {
    "accuracy": 0.8305369127516778,
    "precision": 0.8314388717576637,
    "recall": 0.8305369127516778,
    "f1_score": 0.830592742735228,
    "sensitivity": 0.8466898954703833,
    "specificity": 0.8155339805825242
  },
  "classification_report": {
    "healthy": {
      "precision": 0.8513513513513513,
      "recall": 0.8155339805825242,
      "f1-score": 0.8330578512396695,
      "support": 309.0
    },
    "parkinson": {
      "precision": 0.81,
      "recall": 0.8466898954703833,
      "f1-score": 0.82793867120954,
      "support": 287.0
    },
    "accuracy": 0.8305369127516778,
    "macro avg": {
      "precision": 0.8306756756756757,
      "recall": 0.8311119380264538,
      "f1-score": 0.8304982612246048,
      "support": 596.0
    },
    "weighted avg": {
      "precision": 0.8314388717576637,
      "recall": 0.8305369127516778,
      "f1-score": 0.830592742735228,
      "support": 596.0
    }
  }
}