{
  "model_name": "Transformers+MLP_ALM_hubert-base-audioset",
  "dataset_name": "Ita-PVS",
  "model_settings": {
    "transformer_model": "ALM/hubert-base-audioset",
    "hidden_layers": [
      64,
      32
    ],
    "dropout": 0.6,
    "learning_rate": 0.0003,
    "epochs": 15,
    "batch_size": 24,
    "device": "cuda"
  },
  "metrics": {
    "accuracy": 0.9936708860759493,
    "precision": 0.9937587904360056,
    "recall": 0.9936708860759493,
    "f1_score": 0.9936747236081399,
    "sensitivity": 0.9885057471264368,
    "specificity": 1.0
  },
  "classification_report": {
    "healthy": {
      "precision": 0.9861111111111112,
      "recall": 1.0,
      "f1-score": 0.993006993006993,
      "support": 71.0
    },
    "parkinson": {
      "precision": 1.0,
      "recall": 0.9885057471264368,
      "f1-score": 0.9942196531791907,
      "support": 87.0
    },
    "accuracy": 0.9936708860759493,
    "macro avg": {
      "precision": 0.9930555555555556,
      "recall": 0.9942528735632183,
      "f1-score": 0.9936133230930919,
      "support": 158.0
    },
    "weighted avg": {
      "precision": 0.9937587904360056,
      "recall": 0.9936708860759493,
      "f1-score": 0.9936747236081399,
      "support": 158.0
    }
  }
}