{
  "model_name": "Transformers+MLP_facebook_hubert-base-ls960",
  "dataset_name": "Ita-PVS",
  "model_settings": {
    "transformer_model": "facebook/hubert-base-ls960",
    "hidden_layers": [
      64,
      32
    ],
    "dropout": 0.6,
    "learning_rate": 0.0003,
    "epochs": 15,
    "batch_size": 24,
    "device": "cuda"
  },
  "metrics": {
    "accuracy": 0.9430379746835443,
    "precision": 0.9431831190920092,
    "recall": 0.9430379746835443,
    "f1_score": 0.9430725124732589,
    "sensitivity": 0.9425287356321839,
    "specificity": 0.9436619718309859
  },
  "classification_report": {
    "healthy": {
      "precision": 0.9305555555555556,
      "recall": 0.9436619718309859,
      "f1-score": 0.9370629370629371,
      "support": 71.0
    },
    "parkinson": {
      "precision": 0.9534883720930233,
      "recall": 0.9425287356321839,
      "f1-score": 0.9479768786127167,
      "support": 87.0
    },
    "accuracy": 0.9430379746835443,
    "macro avg": {
      "precision": 0.9420219638242895,
      "recall": 0.9430953537315849,
      "f1-score": 0.9425199078378269,
      "support": 158.0
    },
    "weighted avg": {
      "precision": 0.9431831190920092,
      "recall": 0.9430379746835443,
      "f1-score": 0.9430725124732589,
      "support": 158.0
    }
  }
}