{
  "model_name": "Transformers+MLP_facebook_hubert-base-ls960",
  "dataset_name": "Ita-PVS",
  "model_settings": {
    "transformer_model": "facebook/hubert-base-ls960",
    "hidden_layers": [
      256,
      128
    ],
    "dropout": 0.3,
    "learning_rate": 0.005,
    "epochs": 50,
    "batch_size": 32,
    "device": "cuda"
  },
  "metrics": {
    "accuracy": 0.9620253164556962,
    "precision": 0.9620253164556962,
    "recall": 0.9620253164556962,
    "f1_score": 0.9620253164556962,
    "sensitivity": 0.9655172413793104,
    "specificity": 0.9577464788732394
  },
  "classification_report": {
    "healthy": {
      "precision": 0.9577464788732394,
      "recall": 0.9577464788732394,
      "f1-score": 0.9577464788732394,
      "support": 71.0
    },
    "parkinson": {
      "precision": 0.9655172413793104,
      "recall": 0.9655172413793104,
      "f1-score": 0.9655172413793104,
      "support": 87.0
    },
    "accuracy": 0.9620253164556962,
    "macro avg": {
      "precision": 0.9616318601262749,
      "recall": 0.9616318601262749,
      "f1-score": 0.9616318601262749,
      "support": 158.0
    },
    "weighted avg": {
      "precision": 0.9620253164556962,
      "recall": 0.9620253164556962,
      "f1-score": 0.9620253164556962,
      "support": 158.0
    }
  }
}