{
  "model_name": "Transformers+MLP_facebook_hubert-base-ls960",
  "dataset_name": "Ita-PVS",
  "model_settings": {
    "transformer_model": "facebook/hubert-base-ls960",
    "hidden_layers": [
      32,
      16
    ],
    "dropout": 0.6,
    "learning_rate": 7e-05,
    "epochs": 8,
    "batch_size": 24,
    "device": "cuda"
  },
  "metrics": {
    "accuracy": 0.8227848101265823,
    "precision": 0.8584469088781846,
    "recall": 0.8227848101265823,
    "f1_score": 0.814443474465299,
    "sensitivity": 0.9885057471264368,
    "specificity": 0.6197183098591549
  },
  "classification_report": {
    "healthy": {
      "precision": 0.9777777777777777,
      "recall": 0.6197183098591549,
      "f1-score": 0.7586206896551724,
      "support": 71.0
    },
    "parkinson": {
      "precision": 0.7610619469026548,
      "recall": 0.9885057471264368,
      "f1-score": 0.86,
      "support": 87.0
    },
    "accuracy": 0.8227848101265823,
    "macro avg": {
      "precision": 0.8694198623402163,
      "recall": 0.8041120284927958,
      "f1-score": 0.8093103448275862,
      "support": 158.0
    },
    "weighted avg": {
      "precision": 0.8584469088781846,
      "recall": 0.8227848101265823,
      "f1-score": 0.814443474465299,
      "support": 158.0
    }
  }
}