{
  "model_name": "Transformers+MLP_facebook_wav2vec2-base-960h",
  "dataset_name": "Ita-PVS",
  "model_settings": {
    "transformer_model": "facebook/wav2vec2-base-960h",
    "hidden_layers": [
      32,
      16
    ],
    "dropout": 0.4,
    "learning_rate": 0.0001,
    "epochs": 10,
    "batch_size": 24,
    "device": "cuda"
  },
  "metrics": {
    "accuracy": 0.740506329113924,
    "precision": 0.7520745428973278,
    "recall": 0.740506329113924,
    "f1_score": 0.7319610194178663,
    "sensitivity": 0.8850574712643678,
    "specificity": 0.5633802816901409
  },
  "classification_report": {
    "healthy": {
      "precision": 0.8,
      "recall": 0.5633802816901409,
      "f1-score": 0.6611570247933884,
      "support": 71.0
    },
    "parkinson": {
      "precision": 0.7129629629629629,
      "recall": 0.8850574712643678,
      "f1-score": 0.7897435897435897,
      "support": 87.0
    },
    "accuracy": 0.740506329113924,
    "macro avg": {
      "precision": 0.7564814814814815,
      "recall": 0.7242188764772544,
      "f1-score": 0.725450307268489,
      "support": 158.0
    },
    "weighted avg": {
      "precision": 0.7520745428973278,
      "recall": 0.740506329113924,
      "f1-score": 0.7319610194178663,
      "support": 158.0
    }
  }
}